{"Pocket":"2c 2h","Board":"","Outcomes":[{"HandType":"HighCard","WinChance":0.0},{"HandType":"Pair","WinChance":0.11833004667681554},{"HandType":"TwoPair","WinChance":0.17411307757481934},{"HandType":"Trips","WinChance":0.10621422650298031},{"HandType":"Straight","WinChance":0.0083404186668360053},{"HandType":"Flush","WinChance":0.01244794410910441},{"HandType":"FullHouse","WinChance":0.075595731522783191},{"HandType":"FourOfAKind","WinChance":0.0082076022739429634},{"HandType":"StraightFlush","WinChance":9.1143457074473327E-05}],"OverallWinSplitChance":0.50334019078435632,"Completed":true}