{"Pocket":"2c 3s","Board":"","Outcomes":[{"HandType":"HighCard","WinChance":0.0040410571763816114},{"HandType":"Pair","WinChance":0.095466198925958409},{"HandType":"TwoPair","WinChance":0.12004586111068205},{"HandType":"Trips","WinChance":0.028065562838260075},{"HandType":"Straight","WinChance":0.042414694243688558},{"HandType":"Flush","WinChance":0.012721406422014326},{"HandType":"FullHouse","WinChance":0.019101129477104104},{"HandType":"FourOfAKind","WinChance":0.0010642152328091273},{"HandType":"StraightFlush","WinChance":0.00011215584263027107}],"OverallWinSplitChance":0.32303228126952849,"Completed":true}