{"Pocket":"2c 6s","Board":"","Outcomes":[{"HandType":"HighCard","WinChance":0.0079247824771149743},{"HandType":"Pair","WinChance":0.10966000410760554},{"HandType":"TwoPair","WinChance":0.12713336855500196},{"HandType":"Trips","WinChance":0.02814836284077727},{"HandType":"Straight","WinChance":0.033855664290777285},{"HandType":"Flush","WinChance":0.01346028127563082},{"HandType":"FullHouse","WinChance":0.019344753964153992},{"HandType":"FourOfAKind","WinChance":0.0010702088280719179},{"HandType":"StraightFlush","WinChance":0.00015395702193640609}],"OverallWinSplitChance":0.34075138336107014,"Completed":true}