{"Pocket":"2c 7h","Board":"","Outcomes":[{"HandType":"HighCard","WinChance":0.011814600535361736},{"HandType":"Pair","WinChance":0.11891317219849003},{"HandType":"TwoPair","WinChance":0.13073533862287662},{"HandType":"Trips","WinChance":0.028469197058466254},{"HandType":"Straight","WinChance":0.021544016311427439},{"HandType":"Flush","WinChance":0.013703658810537362},{"HandType":"FullHouse","WinChance":0.019426328264044664},{"HandType":"FourOfAKind","WinChance":0.0010762043303010661},{"HandType":"StraightFlush","WinChance":0.00015395702193640609}],"OverallWinSplitChance":0.34583647315344157,"Completed":true}