{"Pocket":"2c 9c","Board":"","Outcomes":[{"HandType":"HighCard","WinChance":0.01862076131436512},{"HandType":"Pair","WinChance":0.13741450831446866},{"HandType":"TwoPair","WinChance":0.13421887559161247},{"HandType":"Trips","WinChance":0.029336668903538206},{"HandType":"Straight","WinChance":0.022561801442467493},{"HandType":"Flush","WinChance":0.061159415045697586},{"HandType":"FullHouse","WinChance":0.019587869291186326},{"HandType":"FourOfAKind","WinChance":0.001097861747227414},{"HandType":"StraightFlush","WinChance":0.00015395702193640609}],"OverallWinSplitChance":0.42415171867249968,"Completed":true}