{"Pocket":"2c jc","Board":"","Outcomes":[{"HandType":"HighCard","WinChance":0.028521313495543706},{"HandType":"Pair","WinChance":0.16711028019819482},{"HandType":"TwoPair","WinChance":0.1434383962145955},{"HandType":"Trips","WinChance":0.031355656186170262},{"HandType":"Straight","WinChance":0.020462190721044958},{"HandType":"Flush","WinChance":0.061873572993237327},{"HandType":"FullHouse","WinChance":0.019749252993603462},{"HandType":"FourOfAKind","WinChance":0.0011364692346257036},{"HandType":"StraightFlush","WinChance":0.0001343920238462329}],"OverallWinSplitChance":0.47378152406086194,"Completed":true}