{"Pocket":"2c kh","Board":"","Outcomes":[{"HandType":"HighCard","WinChance":0.045305401615696315},{"HandType":"Pair","WinChance":0.21326361273632319},{"HandType":"TwoPair","WinChance":0.16023025999007234},{"HandType":"Trips","WinChance":0.03460928881405953},{"HandType":"Straight","WinChance":0.015211989345397565},{"HandType":"Flush","WinChance":0.015266954790213677},{"HandType":"FullHouse","WinChance":0.01991045648769978},{"HandType":"FourOfAKind","WinChance":0.0011969086263720861},{"HandType":"StraightFlush","WinChance":9.2365345768279555E-05}],"OverallWinSplitChance":0.5050872377516028,"Completed":true}