{"Pocket":"2d 3d","Board":"","Outcomes":[{"HandType":"HighCard","WinChance":0.0036881885459591288},{"HandType":"Pair","WinChance":0.091491507039280259},{"HandType":"TwoPair","WinChance":0.11721270216942213},{"HandType":"Trips","WinChance":0.027752556479099362},{"HandType":"Straight","WinChance":0.039574006122506188},{"HandType":"Flush","WinChance":0.058956928495054566},{"HandType":"FullHouse","WinChance":0.019100028204032431},{"HandType":"FourOfAKind","WinChance":0.0010642037910109801},{"HandType":"StraightFlush","WinChance":0.001004185123717303}],"OverallWinSplitChance":0.35984430597008232,"Completed":true}