{"Pocket":"2d 4s","Board":"","Outcomes":[{"HandType":"HighCard","WinChance":0.004039984507805309},{"HandType":"Pair","WinChance":0.098444088509173744},{"HandType":"TwoPair","WinChance":0.12164744206207137},{"HandType":"Trips","WinChance":0.027984514384342584},{"HandType":"Straight","WinChance":0.046529762691385528},{"HandType":"Flush","WinChance":0.012971572280413301},{"HandType":"FullHouse","WinChance":0.019182143128885564},{"HandType":"FourOfAKind","WinChance":0.0010648245085604674},{"HandType":"StraightFlush","WinChance":0.00013316918166924775}],"OverallWinSplitChance":0.3319975012543071,"Completed":true}