{"Pocket":"2d 5s","Board":"","Outcomes":[{"HandType":"HighCard","WinChance":0.0053076284756607209},{"HandType":"Pair","WinChance":0.10235967492707283},{"HandType":"TwoPair","WinChance":0.12339101429824305},{"HandType":"Trips","WinChance":0.027956617373493281},{"HandType":"Straight","WinChance":0.050134223734065148},{"HandType":"Flush","WinChance":0.013213441881672356},{"HandType":"FullHouse","WinChance":0.019263053804483697},{"HandType":"FourOfAKind","WinChance":0.0010666180104200456},{"HandType":"StraightFlush","WinChance":0.00015418252070822442}],"OverallWinSplitChance":0.3428464550258194,"Completed":true}