{"Pocket":"2d 6d","Board":"","Outcomes":[{"HandType":"HighCard","WinChance":0.0072445461238906462},{"HandType":"Pair","WinChance":0.10502241662790758},{"HandType":"TwoPair","WinChance":0.12415259325494557},{"HandType":"Trips","WinChance":0.027826372047992241},{"HandType":"Straight","WinChance":0.031497858667476744},{"HandType":"Flush","WinChance":0.059951265806129028},{"HandType":"FullHouse","WinChance":0.019344214769416303},{"HandType":"FourOfAKind","WinChance":0.0010702031071728442},{"HandType":"StraightFlush","WinChance":0.00058017067730296227}],"OverallWinSplitChance":0.37668964108223391,"Completed":true}