{"Pocket":"2d 8c","Board":"","Outcomes":[{"HandType":"HighCard","WinChance":0.015797197274334845},{"HandType":"Pair","WinChance":0.13063074485533849},{"HandType":"TwoPair","WinChance":0.13379800287227273},{"HandType":"Trips","WinChance":0.029003707333296339},{"HandType":"Straight","WinChance":0.024354571026964315},{"HandType":"Flush","WinChance":0.013946201332549951},{"HandType":"FullHouse","WinChance":0.019507138823909011},{"HandType":"FourOfAKind","WinChance":0.0010852204672410831},{"HandType":"StraightFlush","WinChance":0.00015395702193640609}],"OverallWinSplitChance":0.36827674100784319,"Completed":true}