{"Pocket":"2d 8d","Board":"","Outcomes":[{"HandType":"HighCard","WinChance":0.014470685255011937},{"HandType":"Pair","WinChance":0.12479780197336693},{"HandType":"TwoPair","WinChance":0.13063545458550083},{"HandType":"Trips","WinChance":0.028644529504678839},{"HandType":"Straight","WinChance":0.022561801442467493},{"HandType":"Flush","WinChance":0.060859755305704824},{"HandType":"FullHouse","WinChance":0.019507138823909011},{"HandType":"FourOfAKind","WinChance":0.0010852204672410831},{"HandType":"StraightFlush","WinChance":0.00015395702193640609}],"OverallWinSplitChance":0.40271634437981729,"Completed":true}