{"Pocket":"2d 9c","Board":"","Outcomes":[{"HandType":"HighCard","WinChance":0.020314812494672412},{"HandType":"Pair","WinChance":0.14405170233933284},{"HandType":"TwoPair","WinChance":0.13750119805161434},{"HandType":"Trips","WinChance":0.029727086416659564},{"HandType":"Straight","WinChance":0.024354571026964315},{"HandType":"Flush","WinChance":0.014190304468155664},{"HandType":"FullHouse","WinChance":0.019587869291186326},{"HandType":"FourOfAKind","WinChance":0.001097861747227414},{"HandType":"StraightFlush","WinChance":0.00015395702193640609}],"OverallWinSplitChance":0.39097936285774926,"Completed":true}