{"Pocket":"2h ac","Board":"","Outcomes":[{"HandType":"HighCard","WinChance":0.051949096012132885},{"HandType":"Pair","WinChance":0.23116525274646063},{"HandType":"TwoPair","WinChance":0.16664935284236196},{"HandType":"Trips","WinChance":0.035934638060645722},{"HandType":"Straight","WinChance":0.026731573127106365},{"HandType":"Flush","WinChance":0.015537383596389807},{"HandType":"FullHouse","WinChance":0.019990034193813764},{"HandType":"FourOfAKind","WinChance":0.0012368347810068439},{"HandType":"StraightFlush","WinChance":9.1421397421133116E-05}],"OverallWinSplitChance":0.54928558675733907,"Completed":true}