{"Pocket":"2h ah","Board":"","Outcomes":[{"HandType":"HighCard","WinChance":0.047694513428952444},{"HandType":"Pair","WinChance":0.21915832416559256},{"HandType":"TwoPair","WinChance":0.16223194298323149},{"HandType":"Trips","WinChance":0.035283424781905028},{"HandType":"Straight","WinChance":0.024892319092299268},{"HandType":"Flush","WinChance":0.062764909092053275},{"HandType":"FullHouse","WinChance":0.019989483557277928},{"HandType":"FourOfAKind","WinChance":0.0012368290601077704},{"HandType":"StraightFlush","WinChance":0.00053723246930594622}],"OverallWinSplitChance":0.57378897863072564,"Completed":true}