{"Pocket":"2h jd","Board":"","Outcomes":[{"HandType":"HighCard","WinChance":0.031088996022258873},{"HandType":"Pair","WinChance":0.17567910361520775},{"HandType":"TwoPair","WinChance":0.14705989838539066},{"HandType":"Trips","WinChance":0.031834659914480187},{"HandType":"Straight","WinChance":0.02209289224057296},{"HandType":"Flush","WinChance":0.014709011712778067},{"HandType":"FullHouse","WinChance":0.019749252993603462},{"HandType":"FourOfAKind","WinChance":0.0011364692346257036},{"HandType":"StraightFlush","WinChance":0.0001343920238462329}],"OverallWinSplitChance":0.44348467614276388,"Completed":true}