{"Pocket":"2h qh","Board":"","Outcomes":[{"HandType":"HighCard","WinChance":0.034768892840123182},{"HandType":"Pair","WinChance":0.18423694648156125},{"HandType":"TwoPair","WinChance":0.14937286074130265},{"HandType":"Trips","WinChance":0.032641055917783816},{"HandType":"Straight","WinChance":0.01727349601854029},{"HandType":"Flush","WinChance":0.062290159805687757},{"HandType":"FullHouse","WinChance":0.019829906228743286},{"HandType":"FourOfAKind","WinChance":0.0011636559005067},{"HandType":"StraightFlush","WinChance":0.00011337868480725624}],"OverallWinSplitChance":0.50169035261905615,"Completed":true}