{"Pocket":"2h ts","Board":"","Outcomes":[{"HandType":"HighCard","WinChance":0.02491893486012688},{"HandType":"Pair","WinChance":0.15858659610509748},{"HandType":"TwoPair","WinChance":0.14162753810071108},{"HandType":"Trips","WinChance":0.030641594063690006},{"HandType":"Straight","WinChance":0.025533343688160657},{"HandType":"Flush","WinChance":0.014436858532272832},{"HandType":"FullHouse","WinChance":0.019668496782280318},{"HandType":"FourOfAKind","WinChance":0.0011147383994945777},{"HandType":"StraightFlush","WinChance":0.0001554053628852096}],"OverallWinSplitChance":0.41668350589471903,"Completed":true}