{"Pocket":"2s 4s","Board":"","Outcomes":[{"HandType":"HighCard","WinChance":0.0036875807004325572},{"HandType":"Pair","WinChance":0.094363920406275364},{"HandType":"TwoPair","WinChance":0.11878586646162964},{"HandType":"Trips","WinChance":0.027672297747624825},{"HandType":"Straight","WinChance":0.043388816042774017},{"HandType":"Flush","WinChance":0.059119239936604812},{"HandType":"FullHouse","WinChance":0.019181041855813891},{"HandType":"FourOfAKind","WinChance":0.00106481306676232},{"HandType":"StraightFlush","WinChance":0.0010265710017923577}],"OverallWinSplitChance":0.36829014721970982,"Completed":true}