{"Pocket":"2s 5s","Board":"","Outcomes":[{"HandType":"HighCard","WinChance":0.0048456980555236142},{"HandType":"Pair","WinChance":0.0980976094079041},{"HandType":"TwoPair","WinChance":0.12049313148857221},{"HandType":"Trips","WinChance":0.027642723321492979},{"HandType":"Straight","WinChance":0.04672908596623411},{"HandType":"Flush","WinChance":0.0593088262412301},{"HandType":"FullHouse","WinChance":0.019261952531412028},{"HandType":"FourOfAKind","WinChance":0.0010666065686218984},{"HandType":"StraightFlush","WinChance":0.0010476463172379652}],"OverallWinSplitChance":0.378493279898229,"Completed":true}