{"Pocket":"2s 7s","Board":"","Outcomes":[{"HandType":"HighCard","WinChance":0.010815173769448912},{"HandType":"Pair","WinChance":0.11375196083815749},{"HandType":"TwoPair","WinChance":0.12766566293492421},{"HandType":"Trips","WinChance":0.028132483531915276},{"HandType":"Straight","WinChance":0.019953951053131705},{"HandType":"Flush","WinChance":0.060603228999389962},{"HandType":"FullHouse","WinChance":0.019426339705842812},{"HandType":"FourOfAKind","WinChance":0.0010762043303010661},{"HandType":"StraightFlush","WinChance":0.00013392958450444904}],"OverallWinSplitChance":0.38155893474761582,"Completed":true}