{"Pocket":"2s ks","Board":"","Outcomes":[{"HandType":"HighCard","WinChance":0.041587553783602418},{"HandType":"Pair","WinChance":0.20238792329647359},{"HandType":"TwoPair","WinChance":0.15610215552035295},{"HandType":"Trips","WinChance":0.034015702151687352},{"HandType":"Straight","WinChance":0.014084801316035622},{"HandType":"Flush","WinChance":0.062739416765781236},{"HandType":"FullHouse","WinChance":0.01991045648769978},{"HandType":"FourOfAKind","WinChance":0.0011969086263720861},{"HandType":"StraightFlush","WinChance":9.2365345768279555E-05}],"OverallWinSplitChance":0.53211728329377328,"Completed":true}