{"Pocket":"2s qd","Board":"","Outcomes":[{"HandType":"HighCard","WinChance":0.037886911555472413},{"HandType":"Pair","WinChance":0.19392118431764263},{"HandType":"TwoPair","WinChance":0.15322596826693563},{"HandType":"Trips","WinChance":0.033175218647995178},{"HandType":"Straight","WinChance":0.018652440792985264},{"HandType":"Flush","WinChance":0.014985704426698216},{"HandType":"FullHouse","WinChance":0.019829906228743286},{"HandType":"FourOfAKind","WinChance":0.0011636559005067},{"HandType":"StraightFlush","WinChance":0.00011337868480725624}],"OverallWinSplitChance":0.47295436882178665,"Completed":true}