{"Pocket":"2s ts","Board":"","Outcomes":[{"HandType":"HighCard","WinChance":0.022851516352903958},{"HandType":"Pair","WinChance":0.15105342704738106},{"HandType":"TwoPair","WinChance":0.13819941137669431},{"HandType":"Trips","WinChance":0.03021130832003701},{"HandType":"Straight","WinChance":0.023650885423549622},{"HandType":"Flush","WinChance":0.061489638212249551},{"HandType":"FullHouse","WinChance":0.019668496782280318},{"HandType":"FourOfAKind","WinChance":0.0011147383994945777},{"HandType":"StraightFlush","WinChance":0.0001554053628852096}],"OverallWinSplitChance":0.44839482727747554,"Completed":true}