{"Pocket":"3c 4h","Board":"","Outcomes":[{"HandType":"HighCard","WinChance":0.0039684375137659135},{"HandType":"Pair","WinChance":0.10145164381453532},{"HandType":"TwoPair","WinChance":0.12233338405863846},{"HandType":"Trips","WinChance":0.027884506394153546},{"HandType":"Straight","WinChance":0.062108541759988832},{"HandType":"Flush","WinChance":0.013231899409050195},{"HandType":"FullHouse","WinChance":0.019261514882632894},{"HandType":"FourOfAKind","WinChance":0.0010648245085604674},{"HandType":"StraightFlush","WinChance":0.00015418156722504548}],"OverallWinSplitChance":0.35145893390855065,"Completed":true}