{"Pocket":"3c 5h","Board":"","Outcomes":[{"HandType":"HighCard","WinChance":0.0052360814816213254},{"HandType":"Pair","WinChance":0.10520513141763307},{"HandType":"TwoPair","WinChance":0.12404783906386259},{"HandType":"Trips","WinChance":0.027855202042132134},{"HandType":"Straight","WinChance":0.06624544973989932},{"HandType":"Flush","WinChance":0.01347376901030925},{"HandType":"FullHouse","WinChance":0.019342425558231031},{"HandType":"FourOfAKind","WinChance":0.0010666180104200456},{"HandType":"StraightFlush","WinChance":0.00017519490626402215}],"OverallWinSplitChance":0.36264771123037276,"Completed":true}