{"Pocket":"3c 7c","Board":"","Outcomes":[{"HandType":"HighCard","WinChance":0.010824827786635637},{"HandType":"Pair","WinChance":0.11704987608532606},{"HandType":"TwoPair","WinChance":0.1283813524148201},{"HandType":"Trips","WinChance":0.028060799236298114},{"HandType":"Straight","WinChance":0.034676290077043349},{"HandType":"Flush","WinChance":0.060183669703129196},{"HandType":"FullHouse","WinChance":0.019505160823054309},{"HandType":"FourOfAKind","WinChance":0.0010761986094019924},{"HandType":"StraightFlush","WinChance":0.00060118401634193892}],"OverallWinSplitChance":0.40035935875205081,"Completed":true}