{"Pocket":"3c 8c","Board":"","Outcomes":[{"HandType":"HighCard","WinChance":0.015126600636049559},{"HandType":"Pair","WinChance":0.12800476350661363},{"HandType":"TwoPair","WinChance":0.13222287106752548},{"HandType":"Trips","WinChance":0.028554233694150437},{"HandType":"Straight","WinChance":0.023132382462698307},{"HandType":"Flush","WinChance":0.060866849220556109},{"HandType":"FullHouse","WinChance":0.019587182783297491},{"HandType":"FourOfAKind","WinChance":0.0010852147463420094},{"HandType":"StraightFlush","WinChance":0.00015494292354342572}],"OverallWinSplitChance":0.4087350410407764,"Completed":true}