{"Pocket":"3c ac","Board":"","Outcomes":[{"HandType":"HighCard","WinChance":0.048069160807035792},{"HandType":"Pair","WinChance":0.22239860278481924},{"HandType":"TwoPair","WinChance":0.16334537868633284},{"HandType":"Trips","WinChance":0.035209945554203516},{"HandType":"Straight","WinChance":0.028562254394651647},{"HandType":"Flush","WinChance":0.062751990348461864},{"HandType":"FullHouse","WinChance":0.020069493191271968},{"HandType":"FourOfAKind","WinChance":0.0012368233392086967},{"HandType":"StraightFlush","WinChance":0.00055955684771595961}],"OverallWinSplitChance":0.58220320595370156,"Completed":true}