{"Pocket":"3c jc","Board":"","Outcomes":[{"HandType":"HighCard","WinChance":0.029056196105555165},{"HandType":"Pair","WinChance":0.1706198672808624},{"HandType":"TwoPair","WinChance":0.14473230196964834},{"HandType":"Trips","WinChance":0.03128495445496899},{"HandType":"Straight","WinChance":0.023637484217469681},{"HandType":"Flush","WinChance":0.061864305613479657},{"HandType":"FullHouse","WinChance":0.019829262627597502},{"HandType":"FourOfAKind","WinChance":0.00113646351372663},{"HandType":"StraightFlush","WinChance":0.00015540440940203066}],"OverallWinSplitChance":0.48231624019271041,"Completed":true}