{"Pocket":"3c kh","Board":"","Outcomes":[{"HandType":"HighCard","WinChance":0.045891786619617993},{"HandType":"Pair","WinChance":0.21690548273804519},{"HandType":"TwoPair","WinChance":0.16145541722421597},{"HandType":"Trips","WinChance":0.034538219991834374},{"HandType":"Straight","WinChance":0.018637881104842914},{"HandType":"Flush","WinChance":0.015527362011437602},{"HandType":"FullHouse","WinChance":0.01999046612169382},{"HandType":"FourOfAKind","WinChance":0.0011969029054730125},{"HandType":"StraightFlush","WinChance":0.0001133777313240773}],"OverallWinSplitChance":0.51425689644848493,"Completed":true}