{"Pocket":"3c kc","Board":"","Outcomes":[{"HandType":"HighCard","WinChance":0.042129523157341316},{"HandType":"Pair","WinChance":0.20588704113383644},{"HandType":"TwoPair","WinChance":0.1572987487821636},{"HandType":"Trips","WinChance":0.033945000420486079},{"HandType":"Straight","WinChance":0.017260094812460346},{"HandType":"Flush","WinChance":0.062728609510689592},{"HandType":"FullHouse","WinChance":0.01999046612169382},{"HandType":"FourOfAKind","WinChance":0.0011969029054730125},{"HandType":"StraightFlush","WinChance":0.0001133777313240773}],"OverallWinSplitChance":0.54054976457546822,"Completed":true}