{"Pocket":"3c td","Board":"","Outcomes":[{"HandType":"HighCard","WinChance":0.025461512079392349},{"HandType":"Pair","WinChance":0.16222838029333339},{"HandType":"TwoPair","WinChance":0.14298893282539377},{"HandType":"Trips","WinChance":0.030570525241464849},{"HandType":"Straight","WinChance":0.028959235447606004},{"HandType":"Flush","WinChance":0.014697265753496757},{"HandType":"FullHouse","WinChance":0.019748506416274358},{"HandType":"FourOfAKind","WinChance":0.001114732678595504},{"HandType":"StraightFlush","WinChance":0.00017641774844100733}],"OverallWinSplitChance":0.42594550848399804,"Completed":true}