{"Pocket":"3d 3s","Board":"","Outcomes":[{"HandType":"HighCard","WinChance":0.0},{"HandType":"Pair","WinChance":0.13340021350395342},{"HandType":"TwoPair","WinChance":0.18890020149006537},{"HandType":"Trips","WinChance":0.10507770697211691},{"HandType":"Straight","WinChance":0.011914547502627323},{"HandType":"Flush","WinChance":0.012968758551552261},{"HandType":"FullHouse","WinChance":0.076328662600633},{"HandType":"FourOfAKind","WinChance":0.0082075050186587121},{"HandType":"StraightFlush","WinChance":0.00013316822818606881}],"OverallWinSplitChance":0.53693076386779315,"Completed":true}