{"Pocket":"3d 4d","Board":"","Outcomes":[{"HandType":"HighCard","WinChance":0.0036225769847086087},{"HandType":"Pair","WinChance":0.097271011003005184},{"HandType":"TwoPair","WinChance":0.11945800774266481},{"HandType":"Trips","WinChance":0.027573652284898484},{"HandType":"Straight","WinChance":0.057974644403215835},{"HandType":"Flush","WinChance":0.058702469578642433},{"HandType":"FullHouse","WinChance":0.019259862973025389},{"HandType":"FourOfAKind","WinChance":0.0010648073458632465},{"HandType":"StraightFlush","WinChance":0.001492451464369001}],"OverallWinSplitChance":0.386419483780393,"Completed":true}