{"Pocket":"3d 6d","Board":"","Outcomes":[{"HandType":"HighCard","WinChance":0.0072044283191369223},{"HandType":"Pair","WinChance":0.10793524385618346},{"HandType":"TwoPair","WinChance":0.1247985592773818},{"HandType":"Trips","WinChance":0.027729115333516019},{"HandType":"Straight","WinChance":0.04659588913355267},{"HandType":"Flush","WinChance":0.059531706509868262},{"HandType":"FullHouse","WinChance":0.019423035886627797},{"HandType":"FourOfAKind","WinChance":0.0010701973862737705},{"HandType":"StraightFlush","WinChance":0.0010474236789156837}],"OverallWinSplitChance":0.3953355993814564,"Completed":true}