{"Pocket":"3d 7s","Board":"","Outcomes":[{"HandType":"HighCard","WinChance":0.011824790886836611},{"HandType":"Pair","WinChance":0.12232855466633714},{"HandType":"TwoPair","WinChance":0.13146673959859503},{"HandType":"Trips","WinChance":0.028396442001239145},{"HandType":"Straight","WinChance":0.0372851831002353},{"HandType":"Flush","WinChance":0.013963985939174257},{"HandType":"FullHouse","WinChance":0.019505700017791994},{"HandType":"FourOfAKind","WinChance":0.0010762043303010661},{"HandType":"StraightFlush","WinChance":0.00017496940749220385}],"OverallWinSplitChance":0.36602256994800286,"Completed":true}