{"Pocket":"3d qc","Board":"","Outcomes":[{"HandType":"HighCard","WinChance":0.038480533496722209},{"HandType":"Pair","WinChance":0.19757425011885169},{"HandType":"TwoPair","WinChance":0.15450302549747508},{"HandType":"Trips","WinChance":0.033104149825770021},{"HandType":"Straight","WinChance":0.022078332552430611},{"HandType":"Flush","WinChance":0.015246111647922141},{"HandType":"FullHouse","WinChance":0.019909915862737323},{"HandType":"FourOfAKind","WinChance":0.0011636501796076263},{"HandType":"StraightFlush","WinChance":0.000134391070363054}],"OverallWinSplitChance":0.48219436025187978,"Completed":true}