{"Pocket":"3h 5h","Board":"","Outcomes":[{"HandType":"HighCard","WinChance":0.0047806943397996652},{"HandType":"Pair","WinChance":0.10084838215834648},{"HandType":"TwoPair","WinChance":0.12113682774430098},{"HandType":"Trips","WinChance":0.027542683389617444},{"HandType":"Straight","WinChance":0.061809556132603576},{"HandType":"Flush","WinChance":0.058889266944969335},{"HandType":"FullHouse","WinChance":0.019340773648623522},{"HandType":"FourOfAKind","WinChance":0.0010666008477228247},{"HandType":"StraightFlush","WinChance":0.0015148387726688242}],"OverallWinSplitChance":0.39692962397865267,"Completed":true}