{"Pocket":"3h 6c","Board":"","Outcomes":[{"HandType":"HighCard","WinChance":0.0078804812649136691},{"HandType":"Pair","WinChance":0.11267414845847514},{"HandType":"TwoPair","WinChance":0.12779277630655322},{"HandType":"Trips","WinChance":0.028049763621985111},{"HandType":"Straight","WinChance":0.049989227547044386},{"HandType":"Flush","WinChance":0.013720608404267715},{"HandType":"FullHouse","WinChance":0.019424125717901322},{"HandType":"FourOfAKind","WinChance":0.0010702088280719179},{"HandType":"StraightFlush","WinChance":0.00017496940749220385}],"OverallWinSplitChance":0.3607763095567047,"Completed":true}