{"Pocket":"3h qh","Board":"","Outcomes":[{"HandType":"HighCard","WinChance":0.035317369736558316},{"HandType":"Pair","WinChance":0.18774650782018298},{"HandType":"TwoPair","WinChance":0.15062135399950916},{"HandType":"Trips","WinChance":0.032570354186582544},{"HandType":"Straight","WinChance":0.020448789514965014},{"HandType":"Flush","WinChance":0.06228013249983648},{"HandType":"FullHouse","WinChance":0.019909915862737323},{"HandType":"FourOfAKind","WinChance":0.0011636501796076263},{"HandType":"StraightFlush","WinChance":0.000134391070363054}],"OverallWinSplitChance":0.51019246487034253,"Completed":true}