{"Pocket":"3s 8d","Board":"","Outcomes":[{"HandType":"HighCard","WinChance":0.016507561312305595},{"HandType":"Pair","WinChance":0.13397308002336414},{"HandType":"TwoPair","WinChance":0.13541704591460108},{"HandType":"Trips","WinChance":0.028912939548594366},{"HandType":"Straight","WinChance":0.024973535120885459},{"HandType":"Flush","WinChance":0.014206608553773877},{"HandType":"FullHouse","WinChance":0.019587171341499343},{"HandType":"FourOfAKind","WinChance":0.0010852147463420094},{"HandType":"StraightFlush","WinChance":0.00017496940749220385}],"OverallWinSplitChance":0.37483812596885807,"Completed":true}