{"Pocket":"3s 9d","Board":"","Outcomes":[{"HandType":"HighCard","WinChance":0.020799108054625433},{"HandType":"Pair","WinChance":0.1476731086850685},{"HandType":"TwoPair","WinChance":0.1388950302740444},{"HandType":"Trips","WinChance":0.029656017594434404},{"HandType":"Straight","WinChance":0.027780462786409662},{"HandType":"Flush","WinChance":0.01445071168937959},{"HandType":"FullHouse","WinChance":0.019667878925180366},{"HandType":"FourOfAKind","WinChance":0.0010978560263283403},{"HandType":"StraightFlush","WinChance":0.00017496940749220385}],"OverallWinSplitChance":0.40019514344296292,"Completed":true}