{"Pocket":"3s 9s","Board":"","Outcomes":[{"HandType":"HighCard","WinChance":0.019068149924169484},{"HandType":"Pair","WinChance":0.14089491023051218},{"HandType":"TwoPair","WinChance":0.13558414384170958},{"HandType":"Trips","WinChance":0.029265967172336937},{"HandType":"Straight","WinChance":0.025737094938892216},{"HandType":"Flush","WinChance":0.061151607448686869},{"HandType":"FullHouse","WinChance":0.019667878925180366},{"HandType":"FourOfAKind","WinChance":0.0010978560263283403},{"HandType":"StraightFlush","WinChance":0.00017496940749220385}],"OverallWinSplitChance":0.43264257791530814,"Completed":true}