{"Pocket":"3s ad","Board":"","Outcomes":[{"HandType":"HighCard","WinChance":0.052353527821018243},{"HandType":"Pair","WinChance":0.2345341214443897},{"HandType":"TwoPair","WinChance":0.167790650277435},{"HandType":"Trips","WinChance":0.035860714509782836},{"HandType":"Straight","WinChance":0.030689911823782577},{"HandType":"Flush","WinChance":0.015797790817613733},{"HandType":"FullHouse","WinChance":0.020070043827807804},{"HandType":"FourOfAKind","WinChance":0.0012368290601077704},{"HandType":"StraightFlush","WinChance":0.00011243378297693086}],"OverallWinSplitChance":0.55844602336491478,"Completed":true}