{"Pocket":"3s jc","Board":"","Outcomes":[{"HandType":"HighCard","WinChance":0.031668015368623272},{"HandType":"Pair","WinChance":0.17933214081192145},{"HandType":"TwoPair","WinChance":0.14838236811277647},{"HandType":"Trips","WinChance":0.031763591092255031},{"HandType":"Straight","WinChance":0.025518784000018307},{"HandType":"Flush","WinChance":0.014969418934001992},{"HandType":"FullHouse","WinChance":0.019829262627597502},{"HandType":"FourOfAKind","WinChance":0.00113646351372663},{"HandType":"StraightFlush","WinChance":0.00015540440940203066}],"OverallWinSplitChance":0.45275544887032265,"Completed":true}