{"Pocket":"3s ts","Board":"","Outcomes":[{"HandType":"HighCard","WinChance":0.023352702867371823},{"HandType":"Pair","WinChance":0.15455262211688139},{"HandType":"TwoPair","WinChance":0.13953224212904403},{"HandType":"Trips","WinChance":0.030140606588835741},{"HandType":"Straight","WinChance":0.026826178919974346},{"HandType":"Flush","WinChance":0.061481110735438736},{"HandType":"FullHouse","WinChance":0.019748506416274358},{"HandType":"FourOfAKind","WinChance":0.001114732678595504},{"HandType":"StraightFlush","WinChance":0.00017641774844100733}],"OverallWinSplitChance":0.4569251202008569,"Completed":true}