{"Pocket":"4c 7c","Board":"","Outcomes":[{"HandType":"HighCard","WinChance":0.010630603263086414},{"HandType":"Pair","WinChance":0.11964742027498074},{"HandType":"TwoPair","WinChance":0.12898198746322176},{"HandType":"Trips","WinChance":0.027960074226758513},{"HandType":"Straight","WinChance":0.049784583836057342},{"HandType":"Flush","WinChance":0.059759940824926951},{"HandType":"FullHouse","WinChance":0.01958387896408248},{"HandType":"FourOfAKind","WinChance":0.0010761928885029189},{"HandType":"StraightFlush","WinChance":0.0010684370179546603}],"OverallWinSplitChance":0.41849311875957179,"Completed":true}