{"Pocket":"4c 7d","Board":"","Outcomes":[{"HandType":"HighCard","WinChance":0.011612330997490242},{"HandType":"Pair","WinChance":0.12501063944205215},{"HandType":"TwoPair","WinChance":0.13208017277496595},{"HandType":"Trips","WinChance":0.028294228604457228},{"HandType":"Straight","WinChance":0.053429678994632079},{"HandType":"Flush","WinChance":0.014214071704986201},{"HandType":"FullHouse","WinChance":0.019584968795356004},{"HandType":"FourOfAKind","WinChance":0.0010762043303010661},{"HandType":"StraightFlush","WinChance":0.00019598274653118052}],"OverallWinSplitChance":0.38549827839077205,"Completed":true}