{"Pocket":"4c 8d","Board":"","Outcomes":[{"HandType":"HighCard","WinChance":0.016349592986635408},{"HandType":"Pair","WinChance":0.13705640291605667},{"HandType":"TwoPair","WinChance":0.13609538197584981},{"HandType":"Trips","WinChance":0.028836570313377503},{"HandType":"Straight","WinChance":0.040725634547823},{"HandType":"Flush","WinChance":0.014456694319585822},{"HandType":"FullHouse","WinChance":0.019666440119063353},{"HandType":"FourOfAKind","WinChance":0.0010852147463420094},{"HandType":"StraightFlush","WinChance":0.00019598274653118052}],"OverallWinSplitChance":0.39446791467126474,"Completed":true}