{"Pocket":"4c 8c","Board":"","Outcomes":[{"HandType":"HighCard","WinChance":0.014982147934440785},{"HandType":"Pair","WinChance":0.13098739571516102},{"HandType":"TwoPair","WinChance":0.13288623577426934},{"HandType":"Trips","WinChance":0.028479081103469896},{"HandType":"Straight","WinChance":0.037864984779548014},{"HandType":"Flush","WinChance":0.060443120342353857},{"HandType":"FullHouse","WinChance":0.019665900924325665},{"HandType":"FourOfAKind","WinChance":0.0010852090254429359},{"HandType":"StraightFlush","WinChance":0.00062219735538091557}],"OverallWinSplitChance":0.42701627295439254,"Completed":true}