{"Pocket":"4c 9c","Board":"","Outcomes":[{"HandType":"HighCard","WinChance":0.019804472541686761},{"HandType":"Pair","WinChance":0.14400509560480487},{"HandType":"TwoPair","WinChance":0.13713300217909047},{"HandType":"Trips","WinChance":0.029175671361808535},{"HandType":"Straight","WinChance":0.026321077165202975},{"HandType":"Flush","WinChance":0.061158762863203195},{"HandType":"FullHouse","WinChance":0.019747819908385523},{"HandType":"FourOfAKind","WinChance":0.0010978503054292668},{"HandType":"StraightFlush","WinChance":0.00017595626258240239}],"OverallWinSplitChance":0.43861970819219404,"Completed":true}