{"Pocket":"4c kc","Board":"","Outcomes":[{"HandType":"HighCard","WinChance":0.042652348972555133},{"HandType":"Pair","WinChance":0.20925089117305321},{"HandType":"TwoPair","WinChance":0.15850057452128946},{"HandType":"Trips","WinChance":0.033874298689284814},{"HandType":"Straight","WinChance":0.020448789514965014},{"HandType":"Flush","WinChance":0.062717801778856358},{"HandType":"FullHouse","WinChance":0.020070372779504537},{"HandType":"FourOfAKind","WinChance":0.001196897184573939},{"HandType":"StraightFlush","WinChance":0.000134391070363054}],"OverallWinSplitChance":0.54884636568444556,"Completed":true}