{"Pocket":"4c qs","Board":"","Outcomes":[{"HandType":"HighCard","WinChance":0.039053252702981787},{"HandType":"Pair","WinChance":0.20108687785937687},{"HandType":"TwoPair","WinChance":0.15577969656732707},{"HandType":"Trips","WinChance":0.033033081003544858},{"HandType":"Straight","WinChance":0.025518784000018307},{"HandType":"Flush","WinChance":0.015496277506321116},{"HandType":"FullHouse","WinChance":0.01998982252054804},{"HandType":"FourOfAKind","WinChance":0.0011636444587085528},{"HandType":"StraightFlush","WinChance":0.00015540440940203066}],"OverallWinSplitChance":0.49127684102822861,"Completed":true}