{"Pocket":"4c qc","Board":"","Outcomes":[{"HandType":"HighCard","WinChance":0.03584670307446837},{"HandType":"Pair","WinChance":0.19112080136065865},{"HandType":"TwoPair","WinChance":0.15186940317292505},{"HandType":"Trips","WinChance":0.032499652455381278},{"HandType":"Straight","WinChance":0.023637484217469681},{"HandType":"Flush","WinChance":0.062270104717243611},{"HandType":"FullHouse","WinChance":0.01998982252054804},{"HandType":"FourOfAKind","WinChance":0.0011636444587085528},{"HandType":"StraightFlush","WinChance":0.00015540440940203066}],"OverallWinSplitChance":0.51855302038680517,"Completed":true}