{"Pocket":"4d 5d","Board":"","Outcomes":[{"HandType":"HighCard","WinChance":0.0046199728314502992},{"HandType":"Pair","WinChance":0.10337226405152929},{"HandType":"TwoPair","WinChance":0.12175477780886133},{"HandType":"Trips","WinChance":0.027441956234740692},{"HandType":"Straight","WinChance":0.07641093389672747},{"HandType":"Flush","WinChance":0.058467492707283908},{"HandType":"FullHouse","WinChance":0.019419491789651695},{"HandType":"FourOfAKind","WinChance":0.0010665951268237512},{"HandType":"StraightFlush","WinChance":0.0019807192352454678}],"OverallWinSplitChance":0.41453420368231392,"Completed":true}