{"Pocket":"4d 6d","Board":"","Outcomes":[{"HandType":"HighCard","WinChance":0.0069902950668115195},{"HandType":"Pair","WinChance":0.11044157474612081},{"HandType":"TwoPair","WinChance":0.12540423372275494},{"HandType":"Trips","WinChance":0.027626188016203874},{"HandType":"Straight","WinChance":0.061676359299922136},{"HandType":"Flush","WinChance":0.059107977631666017},{"HandType":"FullHouse","WinChance":0.019501754027655971},{"HandType":"FourOfAKind","WinChance":0.001070191665374697},{"HandType":"StraightFlush","WinChance":0.0015146161343465427}],"OverallWinSplitChance":0.41333319031085658,"Completed":true}