{"Pocket":"4d 9h","Board":"","Outcomes":[{"HandType":"HighCard","WinChance":0.021596830221450283},{"HandType":"Pair","WinChance":0.15091637647406117},{"HandType":"TwoPair","WinChance":0.14047557309583211},{"HandType":"Trips","WinChance":0.029565249809732432},{"HandType":"Straight","WinChance":0.028413986568473156},{"HandType":"Flush","WinChance":0.014700877547778565},{"HandType":"FullHouse","WinChance":0.019747808466587375},{"HandType":"FourOfAKind","WinChance":0.0010978503054292668},{"HandType":"StraightFlush","WinChance":0.00019598274653118052}],"OverallWinSplitChance":0.40671053523587541,"Completed":true}