{"Pocket":"4d ad","Board":"","Outcomes":[{"HandType":"HighCard","WinChance":0.048498371260033743},{"HandType":"Pair","WinChance":0.22563169023391039},{"HandType":"TwoPair","WinChance":0.16447746165996463},{"HandType":"Trips","WinChance":0.03513924382300225},{"HandType":"Straight","WinChance":0.031882422508991821},{"HandType":"Flush","WinChance":0.062740322098059645},{"HandType":"FullHouse","WinChance":0.020149399849082681},{"HandType":"FourOfAKind","WinChance":0.001236817618309623},{"HandType":"StraightFlush","WinChance":0.00058063073293679877}],"OverallWinSplitChance":0.59033635978429166,"Completed":true}