{"Pocket":"4d td","Board":"","Outcomes":[{"HandType":"HighCard","WinChance":0.023834745823314608},{"HandType":"Pair","WinChance":0.15791654938823566},{"HandType":"TwoPair","WinChance":0.14085570848472262},{"HandType":"Trips","WinChance":0.030069904857634472},{"HandType":"Straight","WinChance":0.030014873622479014},{"HandType":"Flush","WinChance":0.061472582781886338},{"HandType":"FullHouse","WinChance":0.019828413074085071},{"HandType":"FourOfAKind","WinChance":0.0011147269576964303},{"HandType":"StraightFlush","WinChance":0.000197431087479984}],"OverallWinSplitChance":0.46530493607753415,"Completed":true}