{"Pocket":"4d ts","Board":"","Outcomes":[{"HandType":"HighCard","WinChance":0.0259831865636676},{"HandType":"Pair","WinChance":0.1657297264208854},{"HandType":"TwoPair","WinChance":0.14434102107750846},{"HandType":"Trips","WinChance":0.030499456419239689},{"HandType":"Straight","WinChance":0.0323996868951937},{"HandType":"Flush","WinChance":0.014947431611895733},{"HandType":"FullHouse","WinChance":0.019828413074085071},{"HandType":"FourOfAKind","WinChance":0.0011147269576964303},{"HandType":"StraightFlush","WinChance":0.000197431087479984}],"OverallWinSplitChance":0.435041080107652,"Completed":true}