{"Pocket":"4h 4s","Board":"","Outcomes":[{"HandType":"HighCard","WinChance":0.0},{"HandType":"Pair","WinChance":0.14816210396361051},{"HandType":"TwoPair","WinChance":0.20371146902962681},{"HandType":"Trips","WinChance":0.10394046946841978},{"HandType":"Straight","WinChance":0.01550323602656099},{"HandType":"Flush","WinChance":0.013469090268350213},{"HandType":"FullHouse","WinChance":0.077058573043771936},{"HandType":"FourOfAKind","WinChance":0.0082080752015997165},{"HandType":"StraightFlush","WinChance":0.00017519490626402215}],"OverallWinSplitChance":0.57022821190820394,"Completed":true}