{"Pocket":"4h 5c","Board":"","Outcomes":[{"HandType":"HighCard","WinChance":0.00506002081263083},{"HandType":"Pair","WinChance":0.1078121880322224},{"HandType":"TwoPair","WinChance":0.12467861586088756},{"HandType":"Trips","WinChance":0.027753025831194194},{"HandType":"Straight","WinChance":0.081840644928394365},{"HandType":"Flush","WinChance":0.013723854776121196},{"HandType":"FullHouse","WinChance":0.019421694335795037},{"HandType":"FourOfAKind","WinChance":0.0010666180104200456},{"HandType":"StraightFlush","WinChance":0.00019620824530299885}],"OverallWinSplitChance":0.38155287083296868,"Completed":true}