{"Pocket":"4h 6c","Board":"","Outcomes":[{"HandType":"HighCard","WinChance":0.0076462247500968259},{"HandType":"Pair","WinChance":0.11526153090115031},{"HandType":"TwoPair","WinChance":0.12841105722977667},{"HandType":"Trips","WinChance":0.027945335760520114},{"HandType":"Straight","WinChance":0.066100453552878552},{"HandType":"Flush","WinChance":0.013970694170079659},{"HandType":"FullHouse","WinChance":0.019503394495465329},{"HandType":"FourOfAKind","WinChance":0.0010702088280719179},{"HandType":"StraightFlush","WinChance":0.00019598274653118052}],"OverallWinSplitChance":0.38010488243457052,"Completed":true}