{"Pocket":"4h ad","Board":"","Outcomes":[{"HandType":"HighCard","WinChance":0.0528171351796963},{"HandType":"Pair","WinChance":0.23789832331889951},{"HandType":"TwoPair","WinChance":0.1689509611205792},{"HandType":"Trips","WinChance":0.035789645687557672},{"HandType":"Straight","WinChance":0.034272533334248678},{"HandType":"Flush","WinChance":0.01604795667601271},{"HandType":"FullHouse","WinChance":0.020149950485618517},{"HandType":"FourOfAKind","WinChance":0.0012368233392086967},{"HandType":"StraightFlush","WinChance":0.00013344712201590752}],"OverallWinSplitChance":0.56729677626383712,"Completed":true}