{"Pocket":"4h jh","Board":"","Outcomes":[{"HandType":"HighCard","WinChance":0.02957193515704154},{"HandType":"Pair","WinChance":0.17399418656538387},{"HandType":"TwoPair","WinChance":0.14602089801524848},{"HandType":"Trips","WinChance":0.031214252723767724},{"HandType":"Straight","WinChance":0.026826178919974346},{"HandType":"Flush","WinChance":0.061855037756980404},{"HandType":"FullHouse","WinChance":0.019909169285408219},{"HandType":"FourOfAKind","WinChance":0.0011364577928275562},{"HandType":"StraightFlush","WinChance":0.00017641774844100733}],"OverallWinSplitChance":0.49070453396507319,"Completed":true}