{"Pocket":"4h jc","Board":"","Outcomes":[{"HandType":"HighCard","WinChance":0.032226131979997449},{"HandType":"Pair","WinChance":0.18284473994795125},{"HandType":"TwoPair","WinChance":0.14969958605481271},{"HandType":"Trips","WinChance":0.031692522270029867},{"HandType":"Straight","WinChance":0.028959235447606004},{"HandType":"Flush","WinChance":0.015219584792400967},{"HandType":"FullHouse","WinChance":0.019909169285408219},{"HandType":"FourOfAKind","WinChance":0.0011364577928275562},{"HandType":"StraightFlush","WinChance":0.00017641774844100733}],"OverallWinSplitChance":0.46186384531947505,"Completed":true}