{"Pocket":"4h ks","Board":"","Outcomes":[{"HandType":"HighCard","WinChance":0.046457268888549452},{"HandType":"Pair","WinChance":0.2204069146790833},{"HandType":"TwoPair","WinChance":0.1626858648597779},{"HandType":"Trips","WinChance":0.03446715116960921},{"HandType":"Straight","WinChance":0.022078332552430611},{"HandType":"Flush","WinChance":0.015777527869836577},{"HandType":"FullHouse","WinChance":0.020070372779504537},{"HandType":"FourOfAKind","WinChance":0.001196897184573939},{"HandType":"StraightFlush","WinChance":0.000134391070363054}],"OverallWinSplitChance":0.52327472105372852,"Completed":true}