{"Pocket":"5c ac","Board":"","Outcomes":[{"HandType":"HighCard","WinChance":0.049502067246880249},{"HandType":"Pair","WinChance":0.22912526022939661},{"HandType":"TwoPair","WinChance":0.16563458071816734},{"HandType":"Trips","WinChance":0.035079755053985265},{"HandType":"Straight","WinChance":0.035091219020616404},{"HandType":"Flush","WinChance":0.062728712963614514},{"HandType":"FullHouse","WinChance":0.020229203530710071},{"HandType":"FourOfAKind","WinChance":0.0012368118974105495},{"HandType":"StraightFlush","WinChance":0.00060164550220054378}],"OverallWinSplitChance":0.59922925616298151,"Completed":true}