{"Pocket":"5d ac","Board":"","Outcomes":[{"HandType":"HighCard","WinChance":0.053909312021840107},{"HandType":"Pair","WinChance":0.24154350000028604},{"HandType":"TwoPair","WinChance":0.1701367385459496},{"HandType":"Trips","WinChance":0.035730110197864921},{"HandType":"Straight","WinChance":0.0377348243140499},{"HandType":"Flush","WinChance":0.016289826277271765},{"HandType":"FullHouse","WinChance":0.020229754167245907},{"HandType":"FourOfAKind","WinChance":0.001236817618309623},{"HandType":"StraightFlush","WinChance":0.00015446046105488422}],"OverallWinSplitChance":0.57696534360387275,"Completed":true}