{"Pocket":"6c ac","Board":"","Outcomes":[{"HandType":"HighCard","WinChance":0.053377082478774034},{"HandType":"Pair","WinChance":0.2366642796215282},{"HandType":"TwoPair","WinChance":0.1686989087957107},{"HandType":"Trips","WinChance":0.035164367151284029},{"HandType":"Straight","WinChance":0.020275389064043747},{"HandType":"Flush","WinChance":0.06319691420424868},{"HandType":"FullHouse","WinChance":0.020310358774743603},{"HandType":"FourOfAKind","WinChance":0.0012368147578600862},{"HandType":"StraightFlush","WinChance":0.00013416557159123566}],"OverallWinSplitChance":0.59905828041978426,"Completed":true}