{"Pocket":"6s ac","Board":"","Outcomes":[{"HandType":"HighCard","WinChance":0.058127759976246828},{"HandType":"Pair","WinChance":0.24947834553887149},{"HandType":"TwoPair","WinChance":0.17327216977111254},{"HandType":"Trips","WinChance":0.035818527646530818},{"HandType":"Straight","WinChance":0.021889657300982794},{"HandType":"Flush","WinChance":0.016536665671230227},{"HandType":"FullHouse","WinChance":0.020310347332945455},{"HandType":"FourOfAKind","WinChance":0.0012368147578600862},{"HandType":"StraightFlush","WinChance":0.00015423496228306589}],"OverallWinSplitChance":0.5768245229580633,"Completed":true}