{"Pocket":"7c ac","Board":"","Outcomes":[{"HandType":"HighCard","WinChance":0.054047757779421585},{"HandType":"Pair","WinChance":0.2422808151937926},{"HandType":"TwoPair","WinChance":0.17039905559398094},{"HandType":"Trips","WinChance":0.035244116484370216},{"HandType":"Straight","WinChance":0.022908836186059656},{"HandType":"Flush","WinChance":0.0631777978199942},{"HandType":"FullHouse","WinChance":0.020390153875022382},{"HandType":"FourOfAKind","WinChance":0.001236817618309623},{"HandType":"StraightFlush","WinChance":0.00015423496228306589}],"OverallWinSplitChance":0.60983958551323436,"Completed":true}