{"Pocket":"7d ac","Board":"","Outcomes":[{"HandType":"HighCard","WinChance":0.058867972805134165},{"HandType":"Pair","WinChance":0.25533908054854271},{"HandType":"TwoPair","WinChance":0.17501341789203556},{"HandType":"Trips","WinChance":0.03590024687586469},{"HandType":"Straight","WinChance":0.024730066528335325},{"HandType":"Flush","WinChance":0.016779963113549741},{"HandType":"FullHouse","WinChance":0.020390153875022382},{"HandType":"FourOfAKind","WinChance":0.001236817618309623},{"HandType":"StraightFlush","WinChance":0.00015423496228306589}],"OverallWinSplitChance":0.58841195421907733,"Completed":true}