{"Pocket":"8c ac","Board":"","Outcomes":[{"HandType":"HighCard","WinChance":0.055426437247172014},{"HandType":"Pair","WinChance":0.24835472806564388},{"HandType":"TwoPair","WinChance":0.17237093151111257},{"HandType":"Trips","WinChance":0.035338439807846442},{"HandType":"Straight","WinChance":0.022908836186059656},{"HandType":"Flush","WinChance":0.0631777978199942},{"HandType":"FullHouse","WinChance":0.020469880324512277},{"HandType":"FourOfAKind","WinChance":0.00123682047875916},{"HandType":"StraightFlush","WinChance":0.00015423496228306589}],"OverallWinSplitChance":0.61943810640338326,"Completed":true}