{"Pocket":"8s ac","Board":"","Outcomes":[{"HandType":"HighCard","WinChance":0.060377389118964377},{"HandType":"Pair","WinChance":0.26170620093971486},{"HandType":"TwoPair","WinChance":0.17703132201777636},{"HandType":"Trips","WinChance":0.0359976308803453},{"HandType":"Straight","WinChance":0.024730066528335325},{"HandType":"Flush","WinChance":0.017022505635562329},{"HandType":"FullHouse","WinChance":0.020469880324512277},{"HandType":"FourOfAKind","WinChance":0.00123682047875916},{"HandType":"StraightFlush","WinChance":0.00015423496228306589}],"OverallWinSplitChance":0.598726050886253,"Completed":true}