{"Pocket":"9c ac","Board":"","Outcomes":[{"HandType":"HighCard","WinChance":0.05748574637995809},{"HandType":"Pair","WinChance":0.254825609833539},{"HandType":"TwoPair","WinChance":0.17462774753329136},{"HandType":"Trips","WinChance":0.035451427564550338},{"HandType":"Straight","WinChance":0.020304123709865746},{"HandType":"Flush","WinChance":0.06319691420424868},{"HandType":"FullHouse","WinChance":0.020549538123213293},{"HandType":"FourOfAKind","WinChance":0.0012368233392086967},{"HandType":"StraightFlush","WinChance":0.00013420847833428776}],"OverallWinSplitChance":0.62781213916620959,"Completed":true}