{"Pocket":"9d ac","Board":"","Outcomes":[{"HandType":"HighCard","WinChance":0.062626038557715577},{"HandType":"Pair","WinChance":0.26851718872731162},{"HandType":"TwoPair","WinChance":0.1793394707138595},{"HandType":"Trips","WinChance":0.036115033264167665},{"HandType":"Straight","WinChance":0.021923138862811123},{"HandType":"Flush","WinChance":0.017266608771168042},{"HandType":"FullHouse","WinChance":0.020549526681415145},{"HandType":"FourOfAKind","WinChance":0.0012368233392086967},{"HandType":"StraightFlush","WinChance":0.00015423496228306589}],"OverallWinSplitChance":0.60772806387994049,"Completed":true}