{"Pocket":"ac as","Board":"","Outcomes":[{"HandType":"HighCard","WinChance":0.0},{"HandType":"Pair","WinChance":0.28674027175414779},{"HandType":"TwoPair","WinChance":0.33763217708242155},{"HandType":"Trips","WinChance":0.10763006893111293},{"HandType":"Straight","WinChance":0.0087124830589876186},{"HandType":"Flush","WinChance":0.018600552715129167},{"HandType":"FullHouse","WinChance":0.084223671135260927},{"HandType":"FourOfAKind","WinChance":0.0084062090061825748},{"HandType":"StraightFlush","WinChance":9.16993377677929E-05}],"OverallWinSplitChance":0.85203713302101047,"Completed":true}