{"Pocket":"ac jd","Board":"","Outcomes":[{"HandType":"HighCard","WinChance":0.060535865174427356},{"HandType":"Pair","WinChance":0.28002278205033593},{"HandType":"TwoPair","WinChance":0.18317692919681819},{"HandType":"Trips","WinChance":0.036522534335406018},{"HandType":"Straight","WinChance":0.035509683479816957},{"HandType":"Flush","WinChance":0.017785235923203413},{"HandType":"FullHouse","WinChance":0.020708035632047789},{"HandType":"FourOfAKind","WinChance":0.0012368433623554543},{"HandType":"StraightFlush","WinChance":0.0001346699641928927}],"OverallWinSplitChance":0.63563257911860394,"Completed":true}