{"Pocket":"ac jc","Board":"","Outcomes":[{"HandType":"HighCard","WinChance":0.055548549837898323},{"HandType":"Pair","WinChance":0.26583671152423632},{"HandType":"TwoPair","WinChance":0.17837861567972577},{"HandType":"Trips","WinChance":0.035847386721907668},{"HandType":"Straight","WinChance":0.033050206753292517},{"HandType":"Flush","WinChance":0.062740322098059645},{"HandType":"FullHouse","WinChance":0.020707484995511956},{"HandType":"FourOfAKind","WinChance":0.0012368376414563808},{"HandType":"StraightFlush","WinChance":0.00058067506990461932}],"OverallWinSplitChance":0.65392679032199341,"Completed":true}