{"Pocket":"ac kh","Board":"","Outcomes":[{"HandType":"HighCard","WinChance":0.062329738892445384},{"HandType":"Pair","WinChance":0.29507940321869225},{"HandType":"TwoPair","WinChance":0.18939329912998473},{"HandType":"Trips","WinChance":0.037229782390348007},{"HandType":"Straight","WinChance":0.02862878058464156},{"HandType":"Flush","WinChance":0.018343179000639025},{"HandType":"FullHouse","WinChance":0.02086702513820262},{"HandType":"FourOfAKind","WinChance":0.0012368662459517489},{"HandType":"StraightFlush","WinChance":9.2643286114939345E-05}],"OverallWinSplitChance":0.65320071788702017,"Completed":true}