{"Pocket":"ac kc","Board":"","Outcomes":[{"HandType":"HighCard","WinChance":0.057176045508607949},{"HandType":"Pair","WinChance":0.28020563485675154},{"HandType":"TwoPair","WinChance":0.18445392445095102},{"HandType":"Trips","WinChance":0.036531008417158804},{"HandType":"Straight","WinChance":0.026672817348283188},{"HandType":"Flush","WinChance":0.062764909092053275},{"HandType":"FullHouse","WinChance":0.020866474501666784},{"HandType":"FourOfAKind","WinChance":0.0012368605250526752},{"HandType":"StraightFlush","WinChance":0.00053864839182666592}],"OverallWinSplitChance":0.670446323092352,"Completed":true}