{"Pocket":"ac qd","Board":"","Outcomes":[{"HandType":"HighCard","WinChance":0.061380055343977641},{"HandType":"Pair","WinChance":0.2876106293160608},{"HandType":"TwoPair","WinChance":0.18620330959732306},{"HandType":"Trips","WinChance":0.036855145500579625},{"HandType":"Straight","WinChance":0.032069232032229257},{"HandType":"Flush","WinChance":0.018061928637123564},{"HandType":"FullHouse","WinChance":0.020787581873216866},{"HandType":"FourOfAKind","WinChance":0.0012368548041536015},{"HandType":"StraightFlush","WinChance":0.00011365662515391602}],"OverallWinSplitChance":0.64431839372981836,"Completed":true}