{"Pocket":"ac qc","Board":"","Outcomes":[{"HandType":"HighCard","WinChance":0.056313863111471144},{"HandType":"Pair","WinChance":0.27307172806049507},{"HandType":"TwoPair","WinChance":0.18133660940618784},{"HandType":"Trips","WinChance":0.036169378944917466},{"HandType":"Straight","WinChance":0.029861512050787853},{"HandType":"Flush","WinChance":0.062751990348461864},{"HandType":"FullHouse","WinChance":0.020787031236681033},{"HandType":"FourOfAKind","WinChance":0.001236849083254528},{"HandType":"StraightFlush","WinChance":0.00055966173086564256}],"OverallWinSplitChance":0.66208862397312229,"Completed":true}