{"Pocket":"ac tc","Board":"","Outcomes":[{"HandType":"HighCard","WinChance":0.05485004951438148},{"HandType":"Pair","WinChance":0.25862232025936266},{"HandType":"TwoPair","WinChance":0.1755550959766633},{"HandType":"Trips","WinChance":0.035562437320399522},{"HandType":"Straight","WinChance":0.036238901455797189},{"HandType":"Flush","WinChance":0.062728712963614514},{"HandType":"FullHouse","WinChance":0.020627835778159551},{"HandType":"FourOfAKind","WinChance":0.0012368261996582334},{"HandType":"StraightFlush","WinChance":0.000601688408943596}],"OverallWinSplitChance":0.64602386787698007,"Completed":true}