{"Pocket":"ac th","Board":"","Outcomes":[{"HandType":"HighCard","WinChance":0.05976443053884576},{"HandType":"Pair","WinChance":0.27245039694458223},{"HandType":"TwoPair","WinChance":0.18028855118421658},{"HandType":"Trips","WinChance":0.036229048398996856},{"HandType":"Straight","WinChance":0.03895013492740465},{"HandType":"Flush","WinChance":0.017513082742698177},{"HandType":"FullHouse","WinChance":0.020628386414695388},{"HandType":"FourOfAKind","WinChance":0.0012368319205573071},{"HandType":"StraightFlush","WinChance":0.00015568330323186938}],"OverallWinSplitChance":0.62721654637522883,"Completed":true}